external_id__c,name
160279,"18th century"
210184,"1910s"
208992,"1960s"
1228,"1970s"
208289,"1980s"
207928,"19th century"
209714,"3d"
219404,"action hero"
208314,"action heroine"
210313,"action"
186846,"adaptation"
2393,"adoption"
161919,"adult animation"
596,"adultery"
4414,"adventure"
175428,"adventurer"
5920,"advertising expert"
5608,"affection"
409,"africa"
179430,"aftercreditsstinger"
6155,"afterlife"
965,"age difference"
209756,"agent coulson"
13152,"air"
3800,"airplane"
567,"alcohol"
33457,"alcoholic"
7464,"alcoholism"
5127,"alexander the great"
12552,"alice in wonderland"
12553,"alien abduction"
197194,"alien friendship"
15250,"alien infection"
14909,"alien invasion"
4939,"alien phenomenons"
10158,"alien planet"
163252,"alien race"
9951,"alien"
7368,"alienation"
5740,"alliance"
6511,"alone"
12026,"alternate history"
156282,"alternate reality"
1704,"ambassador"
502,"ambush"
194476,"amelia earhart"
174019,"american president"
1453,"amnesia"
155582,"amusement park"
15036,"ancient china"
157894,"ancient egypt"
162861,"ancient greece"
14704,"ancient world"
189119,"ancient"
18047,"anger"
160274,"angry mob"
200918,"angry"
158130,"animal attack"
157164,"animal death"
223059,"animal horror"
230873,"animal lead"
234183,"animal sidekick"
18165,"animal"
10336,"animation"
12446,"another dimension"
11500,"anthropomorphism"
2095,"anti hero"
9676,"anti matter"
165431,"anti war"
14759,"ape"
12332,"apocalypse"
10164,"apparition"
193201,"apprendista"
4488,"apprentice"
10547,"arcade"
41586,"archaeologist"
184134,"archeology\u00a0"
4393,"archer"
53995,"archery"
1395,"arena"
166457,"ares"
347,"aristotle"
230910,"ark"
160856,"armada"
14587,"armadillo"
12654,"armageddon"
2001,"arms deal"
6163,"arms dealer"
6092,"army"
5638,"arrest"
15478,"art gallery"
9854,"artifact"
310,"artificial intelligence"
209818,"asgard"
782,"assassin"
441,"assassination"
6093,"assault"
1423,"asteroid"
14626,"astronaut"
160331,"astrophysics"
1913,"atlantic ocean"
10563,"attack"
5657,"australia"
1201,"austria"
8574,"auto-tuning"
236778,"autocracy"
14545,"automaton"
159953,"automobile racing"
13002,"avatar"
235972,"awful leader"
5812,"bad boss"
2283,"ball"
9903,"balloon"
5149,"banishment"
157296,"bankruptcy"
5462,"barbie"
160887,"based on board game"
10244,"based on cartoon"
15101,"based on children's book"
9717,"based on comic book"
179411,"based on fairy tale"
162862,"based on greek myth"
818,"based on novel"
10542,"based on toy"
185722,"based on true events"
9672,"based on true story"
10988,"based on tv series"
41645,"based on video game"
223438,"based on young adult novel"
230775,"batman"
3994,"battle assignment"
14643,"battle"
10141,"battlefield"
160860,"battleship"
6603,"baustelle"
158175,"bear attack"
10468,"bear"
33678,"beard"
227863,"bearer bonds"
161271,"beast"
3258,"beauty"
2042,"beaver"
4247,"beehive"
9995,"bell"
3695,"berkeley"
220,"berlin"
12392,"best friend"
10085,"betrayal"
3036,"bible"
41188,"bilbao spain"
4380,"black hole"
4252,"black magic"
2583,"blackout"
1318,"blacksmith"
222423,"blast"
155658,"blonde woman"
11221,"blood"
185629,"bloodsucker"
6271,"boarding school"
3088,"bodyguard"
910,"bondage"
163841,"booby trap"
3096,"book"
18101,"bow and arrow"
2792,"boxer"
33353,"boy genius"
5202,"boy"
3930,"bravery"
156095,"british secret service"
6731,"british"
17992,"broken arm"
12648,"bromance"
235616,"bronze age"
41523,"brooklyn new york city"
3872,"broom"
12653,"brother against brother"
380,"brother brother relationship"
1155,"brother sister relationship"
202816,"bruce banner"
195243,"bruce wayne"
167316,"buddy cop"
6733,"bullying"
160873,"buoy"
1437,"burglar"
189108,"buried treasure"
14571,"cactus"
387,"california"
5941,"calypso"
3072,"campaign"
985,"candy"
14895,"cannibal"
155530,"capsized ship"
173775,"captain america"
1316,"captain"
156702,"capture"
235625,"capuchin monkey"
15483,"car chase"
830,"car race"
33885,"car"
1317,"card game"
185863,"carefree"
167861,"caribbean"
6513,"cartoon"
3098,"castle"
156082,"cat burglar"
158378,"cat vs dog"
843,"cataclysm"
161207,"catholicism"
9656,"cattle drive"
18933,"catwoman"
33648,"celebration"
163207,"cell"
1291,"central and south america"
234169,"cern"
10987,"cgi"
15375,"chains"
14569,"chameleon"
208756,"changing history"
206736,"changing the past or future"
4630,"chaos"
180975,"charles dickens"
226521,"chase on the roof"
3713,"chase"
13156,"cheering"
18293,"chef"
185644,"chief of police"
3650,"child hero"
5561,"child prodigy"
10103,"children"
2552,"chimp"
478,"china"
715,"chocolate"
4238,"chosen one"
5950,"christian"
161174,"christmas carol"
33965,"christmas eve"
1441,"christmas party"
207317,"christmas"
41312,"chute"
591,"cia"
291,"circus"
393,"civil war"
2163,"civilization"
195242,"clark kent"
14514,"class differences"
189114,"climbing a tree"
1507,"clock"
191574,"cobra"
2106,"cold war"
3616,"college"
4090,"colony"
179419,"comanche"
18543,"combat"
10267,"comedy"
4803,"comet"
227864,"comeuppance"
15248,"commando"
3073,"commercial agreement"
160875,"communications expert"
1461,"compass"
271,"competition"
4286,"computer program"
2812,"computer virus"
6104,"computer"
4541,"conciliation"
2246,"confidence"
10410,"conspiracy"
14586,"construction site"
155499,"convoy"
1650,"cook"
6808,"cookbook"
417,"corruption"
208630,"counter terrorism"
6285,"coup d'etat"
189098,"courage"
6148,"court"
9665,"cover-up"
3877,"covered investigation"
13001,"cowardliness"
160879,"crash landing"
853,"crime fighter"
14536,"crime"
18023,"criminal mastermind"
179093,"criminal underworld"
185628,"cross breed"
701,"cuba"
181558,"cuban missile crisis"
1463,"culture clash"
1990,"cupboard"
158023,"curiosity"
10541,"curse"
2630,"cutting the cord"
12190,"cyberpunk"
679,"cyborg"
161893,"cyclops"
1850,"daily life"
1691,"dance"
15017,"danger"
3851,"dangerous"
177895,"dark fantasy"
212516,"dark future"
164148,"dark past"
33783,"dark"
248,"date"
5600,"daughter"
33794,"day care"
849,"dc comics"
229266,"dc extended universe"
156805,"dea agent"
215235,"dead brother"
4959,"death of a friend"
175421,"death of husband"
159138,"death of son"
174016,"death of superhero"
34079,"death"
9758,"deception"
4701,"decipherment"
563,"deja vu"
509,"denmark"
2428,"deportation"
18034,"desert"
1333,"desperation"
40850,"destiny"
2535,"destroy"
232339,"destruction  of mankind"
14796,"destruction"
185645,"dhampir"
2913,"diary"
12616,"dinosaur"
199076,"disaster movie"
10617,"disaster"
18118,"disguise"
14588,"disillusionment"
33518,"district attorney"
1718,"dna"
156149,"doberman"
13005,"doctor"
213873,"dog cat friendship"
15162,"dog"
13155,"domination"
4144,"donkey"
173995,"doomsday clock"
34161,"doomsday"
5984,"dormitory"
3637,"double agent"
12413,"downfall"
171636,"drag"
12554,"dragon"
1566,"dream"
173276,"dreamer"
793,"drowning"
726,"drug abuse"
18026,"drug lord"
851,"dual identity"
12965,"duel"
4235,"duke"
179431,"duringcreditsstinger"
604,"dwarves"
3737,"dying and death"
156904,"dyr"
4565,"dystopia"
4700,"e-mail"
1319,"east india trading company"
9923,"easter bunny"
1941,"ecstasy"
161511,"edgar rice burroughs"
5776,"egomania"
1160,"egypt"
163338,"egyptian mythology"
185638,"egyptian"
164889,"eiffel tower paris"
41594,"electricity"
13040,"electrocution"
2857,"elephant"
603,"elves"
211269,"emotions"
2280,"emperor"
10150,"end of the world"
392,"england"
188270,"epic battle"
6917,"epic"
187710,"escapade"
10685,"escape"
11134,"espionage"
161302,"eternal youth"
1295,"europe"
227364,"evil brother"
179095,"evil doctor"
169343,"evil queen"
173003,"evil stepmother"
156075,"evil"
204318,"exoskeleton"
911,"exotic island"
1963,"expedition"
996,"expensive restaurant"
1706,"experiment"
18067,"exploding house"
221536,"exploring"
14601,"explosion"
1653,"explosive"
209823,"extremis"
730,"factory worker"
1382,"factory"
3205,"fairy tale"
6187,"fairy-tale figure"
6150,"faith"
3864,"false identity"
10235,"family relationships"
18035,"family"
4337,"famine"
231407,"fang vamp"
170362,"fantasy world"
2486,"fantasy"
154846,"farmer"
13127,"farmhouse"
6525,"fast"
15300,"father daughter relationship"
494,"father son relationship"
5905,"father"
13073,"fear"
5248,"female friendship"
160137,"female hero"
11322,"female protagonist"
5650,"feral child"
7411,"festival hall"
161151,"fiction"
174915,"fictional government agency"
189113,"fictional language"
855,"fictional place"
14946,"fictional war"
1721,"fight"
6211,"fighter"
206700,"fighting crime"
14955,"fighting"
774,"film business"
2793,"film director"
886,"film making"
887,"film producer"
33490,"filmmaking"
2736,"fire engine"
657,"fire"
6112,"firearm"
2733,"firemen"
157303,"first love"
185859,"first person shooter"
11860,"fish out of water"
1357,"fish"
187844,"flashback"
7379,"fleet"
8044,"flight"
175715,"floating in the air"
173272,"flood"
2778,"florist"
2779,"flower shop"
2382,"flower"
3243,"flying saucer"
334,"flying"
4615,"folk hero"
14967,"foot chase"
3691,"forbidden love"
2905,"foreign legion"
5774,"forest"
3446,"forgiveness"
185648,"forks washington"
663,"fortune teller"
2098,"fountain"
4373,"fraud"
9713,"friends"
6054,"friendship"
182664,"frigate"
4456,"frog"
9454,"frontier"
10718,"fugitive"
3739,"funeral"
194976,"fur trapper"
2964,"future"
214714,"futuristic car"
214715,"futuristic city"
9685,"futuristic"
195506,"gags"
157376,"game of death"
6186,"games"
13142,"gangster"
1420,"gas station"
10198,"gay relationship"
1402,"general"
163561,"genetic engineering"
193213,"george washington"
3080,"gettysburg"
15040,"ghost hunting"
162846,"ghost"
11100,"giant monster"
10891,"giant robot"
2581,"giant wave"
189099,"giant"
9989,"gift"
232802,"girl dog relationship"
5490,"girlfriend"
185861,"glitch"
191739,"gnomes"
221385,"gnosticism"
189094,"goblin"
9649,"god"
161172,"gods"
7671,"godzilla"
11087,"gold coin"
1321,"gold"
12393,"golden gate bridge"
46958,"good and bad"
10842,"good vs evil"
6969,"gotham city"
33505,"gothic"
6086,"government"
5744,"governor"
1158,"grandfather grandson relationship"
1200,"greece"
2036,"greek mythology"
3904,"griffon"
2522,"grizzly bear"
9825,"growing up"
185632,"grudge"
7963,"guant\u00e1namo"
1419,"gun"
12371,"gunfight"
2033,"hades"
226380,"haitian gang"
183528,"half breed"
3335,"halloween"
9366,"hammer"
1939,"hamster"
4699,"hard drive"
41509,"hate"
158449,"hatred"
173719,"haunted by the past"
1668,"hawaii"
215258,"healing gift"
163545,"healing power"
232932,"heimdall"
5515,"heir to the throne"
41185,"heiress"
10051,"heist"
235618,"helen of troy"
6997,"helplessness"
1701,"hero"
190941,"hidden room"
18028,"hiding"
486,"himalaya"
2509,"hippopotamus"
12995,"historical fiction"
9682,"history"
12366,"hitwoman"
611,"hobbit"
3607,"hold-up robbery"
65,"holiday"
2156,"homeland"
235619,"homer's iliad"
10180,"homosexuality"
2676,"honeymoon"
12354,"hong kong"
3929,"hope"
2673,"horse"
11612,"hospital"
3051,"hostage drama"
1562,"hostage"
171783,"hostile takeover"
6062,"hostility"
167381,"house on fire"
179100,"hulk"
3714,"human being"
207569,"human subjugation"
5035,"human weakness"
187864,"human"
33740,"humiliation"
1899,"hunger"
1445,"ice"
2984,"iceberg"
6253,"ignorance"
156117,"illegal drugs"
2173,"illegal immigration"
5960,"illuminati"
4662,"illusion"
7942,"imaginary friend"
156395,"imax"
4978,"immortality"
185071,"impersonating a police officer"
185616,"imprinting"
181976,"imprisoned"
2883,"imprisonment"
209387,"inanimate objects coming to life"
176731,"indiana jones"
1551,"indigenous"
1326,"infidelity"
3074,"insurgence"
190981,"intelligence officer"
2051,"intelligence"
6710,"interpol"
15271,"interrogation"
185876,"interrupted wedding"
212760,"interspecies romance"
1436,"inventor"
14780,"investigator"
189115,"invisibility"
8872,"invulnerability"
173776,"iron man"
209822,"iron patriot"
168302,"ironclad ship"
2041,"island"
156345,"istanbul turkey"
41581,"jack frost"
3266,"jamaica"
233,"japan"
170007,"japanese army"
160865,"jds myoko"
931,"jealousy"
160880,"jet fighter pilot"
160876,"joint chiefs of staff"
9537,"joker"
189092,"journey"
10787,"jungle"
306,"jupiter"
178010,"jurassic park"
161791,"kaiju"
1908,"katana"
2849,"key"
1930,"kidnapping"
9963,"kids and family"
161155,"kids"
1373,"killer robot"
15127,"killer"
627,"killing"
186686,"king of england"
13084,"king"
4152,"kingdom"
3914,"kitchen"
182768,"knife held to throat"
10466,"knight"
163420,"kryptonite"
529,"ku klux klan"
780,"kung fu"
185702,"langley virginia"
2568,"language barrier"
167377,"lapd"
14570,"las vegas"
3290,"laser"
155551,"lasers"
10909,"lawyer"
3077,"leader"
4820,"leap in time"
2650,"leather jacket"
2982,"leaving one's family"
41372,"leg brace"
181033,"lemur"
170457,"lesson"
3344,"letter"
202526,"lex luthor"
2019,"liberation of prisoners"
295,"library"
2251,"lie"
3760,"light"
2043,"lion"
3423,"liquor"
186849,"literary adaptation"
12663,"little girl"
212,"london england"
178867,"lone ranger"
2596,"lordship"
12670,"los angeles"
1872,"loss of father"
4549,"loss of husband"
14549,"loss of job"
1014,"loss of lover"
4190,"lost civilisation"
160866,"lost communication"
160269,"lost love"
44451,"lost"
14720,"love affair"
206715,"love and romance"
2038,"love of one's life"
9673,"love"
4663,"lovers"
185077,"macao"
3223,"machine town"
4276,"machinegun"
203699,"mad hatter"
3645,"madagascar"
41410,"madness"
744,"madrid"
172365,"magic trick"
2343,"magic"
15252,"magical object"
8613,"malibu"
312,"man vs machine"
188721,"mandarin"
1969,"map"
11399,"marine"
1459,"marriage proposal"
6038,"marriage"
2587,"married couple"
190320,"mars civilization"
839,"mars"
779,"martial arts"
10539,"martian"
180547,"marvel cinematic universe"
8828,"marvel comic"
2546,"mask"
158456,"masked vigilante"
1583,"mass murder"
206694,"master villain"
33401,"master"
5144,"matter of life and death"
5566,"maya civilization"
208090,"mayan"
1919,"mayor"
11124,"medal"
1456,"medallion"
33977,"medical experiment"
158025,"medical research"
161257,"medieval"
1310,"mentor"
3070,"mercenary"
8504,"merlin"
5938,"mermaid"
1666,"mexican standoff"
1547,"mexico city"
14555,"mi6"
416,"miami"
41406,"middle ages"
539,"middle east"
609,"middle-earth (tolkien)"
227328,"mighty mo"
11109,"military officer"
162365,"military"
206690,"mind and soul"
11265,"mind reading"
1960,"mine"
226381,"minefield"
46951,"mirror"
185655,"misinformation"
2534,"missile"
10364,"mission"
440,"missionary"
1880,"mobile phone"
10594,"money"
185319,"monkey warrior"
15149,"monkey"
1299,"monster"
305,"moon"
198423,"moral dilemma"
222347,"morgana"
488,"moses"
18269,"moskow"
157499,"mother son relationship"
196544,"motion capture"
14735,"motorcycle"
155801,"mountain climber"
2802,"mountain village"
1262,"mountains"
2161,"mouse"
18253,"moving"
33784,"muggle"
180635,"multiple perspectives"
9826,"murder"
205399,"muscle car"
211674,"muscles"
2598,"museum"
4344,"musical"
1852,"mutant"
2766,"mutation"
1860,"mutiny"
227686,"myth"
2035,"mythology"
2651,"nanotechnology"
5857,"narcism"
155799,"narcotics cop"
166930,"narnia"
1432,"nasa"
10322,"native american"
5096,"natural disaster"
5647,"natural history"
182662,"naturalist"
18330,"nature"
160861,"naval combat"
160855,"naval"
160881,"navy lieutenant"
3588,"navy"
11064,"nazi germany"
2652,"nazis"
185351,"neon light"
5801,"nerd"
9109,"nest"
161186,"nesting grounds"
1197,"nevada"
2547,"new identity"
586,"new jersey"
1508,"new mexico"
190100,"new school"
613,"new year's eve"
242,"new york"
1406,"night watchman"
3752,"night"
3030,"nightmare"
2906,"nile"
10278,"ninja"
210450,"noah's ark"
195790,"noah"
193046,"noodle"
2037,"nordic mythology"
179101,"norse mythology"
34154,"north pole"
9830,"nuclear explosion"
156767,"nuclear threat"
18139,"nuclear war"
160381,"nuclear weapons"
428,"nurse"
1523,"obsession"
221387,"occultism"
4953,"ocean liner"
270,"ocean"
232926,"odin"
189111,"ogre"
10590,"oil"
155733,"old house"
193263,"old mansion"
10562,"on the run"
4127,"one-sided love"
228295,"orc"
606,"orcs"
10291,"organized crime"
202540,"origin"
13014,"orphan"
12405,"outer space"
9503,"outlaw"
987,"overweight child"
8531,"panda"
188973,"pandemic"
4210,"panic"
8775,"panther"
4300,"parachute"
970,"parents kids relationship"
90,"paris"
9104,"partner"
1627,"patriotism"
181181,"peace offering"
190954,"peak oil"
3365,"pearl harbor"
3028,"penguin"
15060,"period drama"
160884,"permission to marry"
161170,"perseus"
1241,"persia"
209386,"personification"
5967,"peru"
2551,"pet"
4332,"peter pan"
490,"philosophy"
157344,"phone"
3203,"pilot"
155565,"pin-up"
185200,"pirate ship"
12988,"pirate"
5983,"pizza boy"
188959,"plague"
3217,"plato"
11121,"plot"
11794,"pokies"
6678,"polar bear"
207199,"police department"
4668,"police operation"
209817,"political thriller"
447,"post traumatic stress  disorder"
4458,"post-apocalyptic"
193554,"power relations"
3720,"power"
162936,"precocious child"
3219,"precognition"
13149,"pregnancy"
178645,"prehistoric adventure"
166958,"prehistoric creature"
10789,"prehistoric egg"
183414,"prehistoric times"
10506,"prehistoric"
9675,"prequel"
8570,"president"
3181,"pretended murder"
3932,"pride and vanity"
2569,"prime minister"
3071,"prince"
7376,"princess"
378,"prison"
228041,"prodigy"
3977,"product placement"
2903,"propaganda"
530,"prophecy"
3246,"prosecution"
15254,"protector"
15106,"psychiatrist"
2800,"psychology"
158553,"pyre"
185868,"q*bert"
8056,"quantum mechanics"
2011,"queen"
207372,"quest"
4776,"race against time"
40870,"race"
167986,"racer"
10039,"racing"
7856,"racist"
2217,"rain"
211105,"ramses"
2752,"ranch"
12764,"rango"
570,"rape"
189359,"rat"
3221,"rave"
526,"rebel"
11196,"rebellion"
15161,"rebellious daughter"
161184,"reboot"
174008,"red square"
11436,"redemption"
169887,"reference to superman"
18524,"refrigerator"
12655,"regent"
10385,"reindeer"
214349,"relativity"
9714,"remake"
12193,"reporter"
184987,"repressed memory"
222797,"repression"
10084,"rescue"
191881,"research laboratory"
2062,"restart"
3910,"restaurant critic"
1946,"restaurant"
186847,"retelling"
4948,"retirement"
1571,"return"
4087,"revelation"
9748,"revenge"
2020,"revolution"
188944,"revolver"
182625,"rich snob"
7579,"rich woman - poor man"
211295,"riches to rags"
483,"riddle"
189093,"ring"
1809,"rio de janeiro"
9823,"rivalry"
1261,"river"
1621,"robber"
4147,"robin hood"
14544,"robot"
2732,"rocket launcher"
9840,"romance"
9799,"romantic comedy"
588,"rome"
12388,"romulans"
155198,"ronin"
2405,"roof"
9920,"royalty"
9345,"rubin"
162715,"ruins"
11004,"rural setting"
190654,"russian spy"
15246,"sabotage"
2858,"sacrifice"
4426,"sadism"
1647,"sadness"
3180,"sailing"
182621,"salvage"
18098,"samurai sword"
1462,"samurai"
582,"san francisco"
5789,"sand"
41584,"sandman"
1965,"sandstorm"
1991,"santa claus"
83,"saving the world"
3151,"scarecrow"
163303,"scary"
3884,"school of witchcraft"
156855,"scientific experiment"
14760,"scientist"
14753,"scot"
388,"scotland"
776,"screenplay"
33966,"scrooge"
182677,"sea battle"
658,"sea"
4289,"secret agent"
1308,"secret identity"
3269,"secret mission"
208633,"secret service agent"
41249,"secret service"
1328,"secret"
226522,"security leak"
185668,"seeing the future"
155023,"self esteem"
1430,"self sacrifice"
182671,"self surgery"
2488,"self-abandonment"
2796,"self-discovery"
162219,"selfishness"
1335,"sense of guilt"
9362,"sensei"
9663,"sequel"
8803,"serum"
2682,"shanghai"
1296,"shared universe"
15097,"shark"
798,"sheriff"
11525,"sherwood forest"
5539,"shield"
3799,"ship"
2580,"shipwreck"
155242,"shogun"
10950,"shootout"
1998,"shop"
837,"show business"
3625,"silver"
7412,"sin"
33479,"single father"
641,"single parent"
9457,"single"
4062,"skeleton"
10089,"slaughter"
2116,"sleep"
7430,"sleeping beauty"
209642,"smithsonian"
4455,"snail"
1585,"snake"
169341,"snow white"
10794,"snow"
182772,"snowing"
10115,"snowman"
13042,"soccer"
171556,"social outcast"
185880,"social reject"
3679,"society"
9740,"sociopath"
232318,"solar"
13065,"soldier"
3873,"sorcerer's apprentice"
10821,"sorcerer"
199814,"sorceress"
5147,"sorcery"
2111,"soviet union"
157938,"soviet"
234365,"space based weapon"
211487,"space centre"
3388,"space colony"
1826,"space marine"
4040,"space mission"
161176,"space opera"
156039,"space station"
3801,"space travel"
3386,"space war"
9882,"space"
1612,"spacecraft"
9831,"spaceship"
235617,"sparta greece"
3428,"speed"
6074,"spice"
158124,"spider bite"
3986,"spider"
13153,"spirit"
470,"spy"
1674,"stage"
4698,"stamp"
221178,"stampede"
165086,"star crossed lovers"
163671,"steam locomotive"
10028,"steampunk"
182615,"steerage"
14527,"storm"
9743,"stranded"
542,"street gang"
2660,"strong woman"
219826,"stronger villain"
2117,"subconsciousness"
10532,"suburbia"
1552,"subway"
236,"suicide"
4702,"suitcase"
1381,"sun glasses"
1670,"sun"
10733,"sunken treasure"
2725,"sunlight"
3222,"super computer"
163455,"super powers"
10834,"super soldier"
160184,"super strength"
163074,"super villain"
155030,"superhero team"
9715,"superhero"
179102,"superhuman strength"
10761,"superhuman"
4769,"supernatural powers"
5100,"supernova"
33637,"superpower"
194404,"supervillain"
825,"support group"
3848,"support"
18420,"surveillance"
10349,"survival"
5385,"survivor"
9937,"suspense"
157186,"swashbuckler"
195446,"sword and planet"
234213,"sword and sorcery"
9725,"sword fight"
1938,"sword"
1400,"swordplay"
8264,"symbol"
1715,"symbolism"
235974,"taking resposibility"
2276,"talent"
11477,"talking animal"
11478,"talking dog"
167625,"talking to animals"
11117,"tank"
7347,"tarzan"
160868,"taser"
331,"tattoo"
4262,"tea"
10508,"teacher"
1576,"technology"
158162,"teddy bear"
213104,"teen superheroes"
10791,"teenage crush"
188178,"teenage hero"
13130,"teenager"
3822,"teleportation"
2136,"television"
1530,"temple"
6335,"tennessee"
1488,"tennis"
14991,"tentacle"
14585,"terrarium"
321,"terror"
13015,"terrorism"
179569,"terrorist bombing"
949,"terrorist"
5901,"texas ranger"
1556,"texas"
4543,"thanksgiving"
222787,"the lone ranger"
192099,"the white house"
4326,"theatre play"
158340,"theme park"
5648,"theodore roosevelt"
9727,"thief"
48711,"ticket"
4809,"tiger"
3562,"time bomb"
5455,"time machine"
208757,"time paradox"
4379,"time travel"
176056,"time traveler"
1521,"time warp"
4388,"titanic"
4277,"to shoot dead"
228232,"tonto"
12555,"tony stark"
33597,"tooth fairy"
235626,"tortuga"
12380,"tournament"
33787,"tower"
187065,"toy comes to life"
224516,"toy story"
4290,"toy"
235525,"toyko"
10044,"tragic hero"
10703,"tragic love"
13008,"train"
4613,"training"
2052,"traitor"
229067,"trampled to death"
4375,"transformation"
10607,"transformers"
166594,"transforming robot"
160510,"travel agent"
9935,"travel"
6956,"treasure hunt"
1454,"treasure"
41314,"trestle"
10148,"tribe"
4988,"tricks"
189601,"trojan horse"
3265,"trojan war"
235615,"trojan"
11173,"troll"
199093,"trouble"
6256,"truth"
189102,"tunnel"
41538,"turns into animal"
6362,"turtle"
1720,"tyrannosaurus rex"
168297,"tyrant"
3366,"u.s. air force"
4410,"u.s. navy"
33564,"u.s. soldier"
6464,"uncle"
10327,"undead"
1568,"undercover"
240,"underdog"
189103,"underground lake"
1001,"underground world"
1449,"underworld"
156052,"unemployment"
206716,"unfulfilled love"
206709,"unfulfillment"
163227,"unicorn"
158431,"united kingdom"
13160,"university"
167982,"unlikely friendship"
8862,"uprising"
840,"usa president"
279,"usa"
160885,"uss john paul jones"
227329,"uss missouri"
159932,"uzi"
185633,"vampire vs vampire"
3133,"vampire"
716,"vatican"
1766,"velociraptor"
2735,"veterinarian"
8250,"victorian england"
282,"video game"
185867,"video gamer"
4697,"video"
160852,"vienna opera"
233055,"vienna"
7002,"vigilante"
5895,"viking"
5331,"village"
3289,"villain"
9990,"villainess"
14819,"violence"
160977,"virginia"
4563,"virtual reality"
188957,"virus"
10629,"vision"
163398,"volcanic eruption"
3347,"volcano"
155212,"vulcan"
4372,"wall"
229066,"waltzing matilda"
1327,"war crimes"
209748,"war machine"
5597,"war on terror"
2770,"war ship"
3078,"war strategy"
220492,"war trauma"
1543,"war veteran"
6091,"war"
3467,"warhead"
9686,"warp engine"
9684,"warp speed"
192913,"warrior"
11159,"wartime"
521,"washington d.c."
4237,"water"
6110,"weapon"
13027,"wedding"
182681,"weevil"
172784,"well"
12564,"werewolf"
1294,"whip"
833,"white house"
1157,"wife husband relationship"
3593,"wilderness"
2872,"window"
171956,"winner"
1442,"winter"
4896,"wish"
616,"witch"
177912,"wizard"
6333,"wizardry"
185653,"wolf pack"
1994,"wolf"
187056,"woman director"
15184,"woman"
11086,"wooden eye"
9720,"woods"
15247,"word domination"
3640,"work"
176217,"world domination"
6193,"world religion"
1956,"world war ii"
208731,"world war iii"
13154,"world"
3417,"wormhole"
4391,"wretch"
184656,"wuxia"
220232,"yin yang"
3225,"ying yang"
7639,"zebra"
162630,"zero gravity"
8985,"zeus"
186565,"zombie apocalypse"
12377,"zombie"
2172,"zoo"